"","s0"
"10001",3.82963758462783
"10002",3.52137889637154
"10003",3.64371135066036
"10004",3.46710442855145
"10005",3.6403394584667
"10006",3.73624488515384
"10007",4.92959722465944
"10008",3.8473410715409
"10009",3.64424147146972
"10010",3.55521107602688
"10011",3.5585951874115
"10012",3.41612737621292
"10013",3.51234473233407
"10014",2.99101505593138
"10015",4.38306128917352
"10016",4.68447453819832
"10017",3.79104547534467
"10018",3.36083783908605
"10019",3.83841789286459
"10020",3.76432794607176
"10021",3.61806013727831
"10022",2.75511320712608
"10023",4.48645015713588
"10024",3.18709279140346
"10025",3.4094913255749
"10026",3.71443892742102
"10027",3.48477717247402
"10028",4.46545399205673
"10029",4.65518625942753
"10030",4.67265510982473
"10031",3.11544014580509
"10032",3.93449536698726
"10033",3.65311905040881
"10034",2.23406834877483
"10035",2.9993155243838
"10036",3.2810515015397
"10037",3.48003968417002
"10038",2.94204263168574
"10039",5
"10040",3.8853497313079
"10041",2.78166851532654
"10042",4.56765676683508
"10043",3.03010246344562
"10044",3.70923363676346
"10045",3.18994355761805
"10046",2.99283262795969
"10047",4.07211934374002
"10048",4.04265316441896
"10049",2.34656068914211
"10050",3.99874413758915
"10051",3.5264805964504
"10052",4.66227822763834
"10053",3.31170943096263
"10054",3.2441103748748
"10055",2.90823111452896
"10056",3.73550175889697
"10057",3.89551517060611
"10058",3.77406342790193
"10059",3.52234101262397
"10060",3.32985545978187
"10061",3.29752939942306
"10062",2.81111035688998
"10063",2.58695362618056
"10064",2.27042503448024
"10065",4.11643642226244
"10066",3.26509761576702
"10067",4.25158914686982
"10068",3.01454331190086
"10069",3.64310995186131
"10070",3.03083740392379
"10071",3.45393689551147
"10072",3.99044643584846
"10073",3.71497279571635
"10074",2.91071765900078
"10075",4.69960986564538
"10076",3.32388846556752
"10077",2.67672731929939
"10078",3.23679978697114
"10079",4.08342062040174
"10080",3.07173912493211
"10081",4.46870672211156
"10082",3.07652069682111
"10083",2.81727529245727
"10084",4.33961216982625
"10085",4.55556023600763
"10086",3.77758886943149
"10087",4.47668593307837
"10088",3.13374683435445
"10089",3.6546474650937
"10090",3.46140168801929
"10091",4.38138606470189
"10092",2.86756807965022
"10093",4.23981569949649
"10094",3.88718214829734
"10095",4.42460841112112
"10096",3.66002779414745
"10097",3.57849994168404
"10098",3.45853241292505
"10099",3.58645492991694
"10100",3.76689705605734
"10101",4.1442707072078
"10102",4.73978957421831
"10103",3.25697433795713
"10104",3.9710466384342
"10105",2.81642066101177
"10106",3.66581893566775
"10107",2.88175966729972
"10108",2.61943617144613
"10109",3.77706635900196
"10110",3.69688489863229
"10111",3.50926866465199
"10112",4.03403457983027
"10113",3.26594472346271
"10114",2.69496322179842
"10115",4.03105673269165
"10116",4.47699227019969
"10117",3.65996773685118
"10118",3.47168790988826
"10119",3.4081567170097
"10120",4.19749961056519
"10121",3.61550022541659
"10122",4.07202834092695
"10123",3.20444568097891
"10124",2.59325225515429
"10125",3.4213611947667
"10126",3.0023183825886
"10127",3.19367690800169
"10128",3.67819753081436
"10129",3.71627238090072
"10130",4.47335297069585
"10131",5
"10132",3.18799277985544
"10133",3.45831223323014
"10134",2.77239435001792
"10135",3.47775713764183
"10136",3.47113433644245
"10137",3.30010348710116
"10138",4.74799976713001
"10139",4.10162692178103
"10140",2.55735007251027
"10141",3.09018169086076
"10142",2.24885925877061
"10143",4.27643663493873
"10144",3.5123342120979
"10145",4.14283060778853
"10146",3.41215400605808
"10147",3.29736730002719
"10148",2.62319173841399
"10149",3.66824823353984
"10150",3.17937512764533
"10151",4.42284583896746
"10152",4.4548510223075
"10153",2.84378466647745
"10154",3.68501427636971
"10155",3.90529046110781
"10156",2.93405337206298
"10157",3.87119276324504
"10158",3.28609048893379
"10159",3.33020748686316
"10160",4.24354081771004
"10161",3.74075982558885
"10162",2.50911758059543
"10163",3.54743178448758
"10164",3.25565671614306
"10165",3.03742972110962
"10166",3.26447167355264
"10167",2.83155943595236
"10168",3.15621524900956
"10169",3.63546986227559
"10170",3.48309425836395
"10171",3.91308497791109
"10172",3.62920133766538
"10173",3.67006655792769
"10174",3.71486541184325
"10175",4.24616236649188
"10176",3.61023448444836
"10177",3.50976379766906
"10178",3.14597406896342
"10179",3.96940701535254
"10180",3.88883959619985
"10181",3.21664445384305
"10182",4.26622302357033
"10183",4.94993485832047
"10184",2.55151899981573
"10185",2.91091503750456
"10186",3.78206633974586
"10187",4.01285115065392
"10188",2.8874730234192
"10189",3.36028205556283
"10190",3.72158650889652
"10191",3.62554175584169
"10192",2.79722380773837
"10193",4.15564138893923
"10194",3.87333888510304
"10195",2.90694528076605
"10196",3.9420072706052
"10197",3.88488765027483
"10198",3.5163131132962
"10199",3.18871696488693
"10200",4.54185284229671
"10201",2.84318048945133
"10202",2.89869050053666
"10203",3.02800565825509
"10204",4.59978253118316
"10205",2.99576703228287
"10206",2.8919385858438
"10207",3.98094596877788
"10208",3.80777425389495
"10209",3.26573641261203
"10210",4.15064315942279
"10211",3.75129190464745
"10212",3.35234134068572
"10213",3.86398003048664
"10214",4.03064839242624
"10215",3.36431115131236
"10216",3.24239759939756
"10217",3.13643843363521
"10218",2.19679544261445
"10219",3.47590085423678
"10220",2.60502415108157
"10221",3.98734242787525
"10222",3.1631177923982
"10223",4.16516084112325
"10224",3.35904313751333
"10225",3.44554462854994
"10226",4.36984412303851
"10227",3.68539704594365
"10228",3.5678861580533
"10229",3.91272638744378
"10230",3.63095234049274
"10231",4.61088440184067
"10232",3.41518579556638
"10233",3.50854894135073
"10234",3.61785964613685
"10235",2.55973035623903
"10236",3.54829383151774
"10237",3.94952506466882
"10238",4.11266458617455
"10239",3.57528278693128
"10240",3.01334385491209
"10241",2.17556730039158
"10242",3.78050896949606
"10243",3.52521358728641
"10244",3.33518308651233
"10245",3.44504564338644
"10246",4.35466961407689
"10247",4.01914750821816
"10248",3.8826016885146
"10249",3.24172985063998
"10250",4.47583307139378
"10251",4.04361611981006
"10252",3.37101647310879
"10253",3.19152764851526
"10254",4.54296078507511
"10255",4.0226581626327
"10256",3.29047446346591
"10257",3.55475304731041
"10258",2.84065057299322
"10259",3.94176954435976
"10260",4.47377531243727
"10261",4.4156999271583
"10262",3.98403433969606
"10263",3.92113417627258
"10264",3.56754433483869
"10265",3.54698292297435
"10266",3.81717275831105
"10267",2.81389138821214
"10268",2.66011765986666
"10269",3.88635339212379
"10270",3.73580170922245
"10271",3.37446677568861
"10272",3.40284499907927
"10273",4.0813394857106
"10274",3.58989990702662
"10275",3.12407819023116
"10276",4.0959753277859
"10277",3.78741555828761
"10278",4.05385408582543
"10279",3.72950554895632
"10280",3.65254722037069
"10281",3.01383073590564
"10282",2.98054337068331
"10283",3.57787833160732
"10284",3.598204986608
"10285",4.94241664895087
"10286",2.91873848006886
"10287",3.25286612935307
"10288",3.49320388770525
"10289",2.88073329733055
"10290",4.56302473343026
"10291",4.33291816134836
"10292",3.96903601729552
"10293",3.13837019796762
"10294",3.77739979122306
"10295",4.34041965963139
"10296",2.95030356187251
"10297",2.83363921950991
"10298",3.86968373162946
"10299",3.54130580634454
"10300",2.15250315483657
"10301",3.8699956370958
"10302",3.63387774279833
"10303",4.3839607247683
"10304",3.65623456259422
"10305",4.28532337127815
"10306",4.24094858484691
"10307",3.43552282967208
"10308",4.38018662101012
"10309",3.34734292178473
"10310",3.78915551546951
"10311",3.74157753951541
"10312",2.44246020150814
"10313",3.43905420400799
"10314",4.78921825194131
"10315",4.0413344142312
"10316",4.22010450482608
"10317",4.36130352275231
"10318",4.09142798164886
"10319",3.37307510865045
"10320",2.60152621331427
"10321",3.2280377461173
"10322",3.75063046685573
"10323",2.12453532696726
"10324",3.83776441947528
"10325",3.08247951912297
"10326",4.10659156689214
"10327",2.99613925622235
"10328",3.75199038449941
"10329",3.93043436160646
"10330",3.68707611273238
"10331",4.17976143874075
"10332",3.63357801731001
"10333",2.61030273046901
"10334",3.22653401463097
"10335",3.52260708443306
"10336",2.08681963355028
"10337",3.55881078941154
"10338",3.93263470896667
"10339",3.96147849075522
"10340",3.97930461192972
"10341",4.54796894367914
"10342",3.48127430073686
"10343",2.41780145009922
"10344",3.60053501413366
"10345",3.21976163759085
"10346",3.97843593310344
"10347",4.08092650378575
"10348",3.4846818795237
"10349",3.48206444941014
"10350",3.04812582065796
"10351",3.94264662123424
"10352",4.4711584599336
"10353",3.89287162083358
"10354",3.24181106957373
"10355",3.58817018897611
"10356",3.33379449504209
"10357",3.53591905407002
"10358",3.9690290186312
"10359",3.72426200283505
"10360",3.93781590140534
"10361",3.78806114724261
"10362",3.21633595066932
"10363",3.4723672623303
"10364",4.01789049452514
"10365",3.11417706575876
"10366",2.64315273606644
"10367",3.34348945046628
"10368",3.94848523785486
"10369",3.21555391551153
"10370",3.30901059105357
"10371",3.47391417775157
"10372",3.46051580682288
"10373",3.64604325989531
"10374",3.61252524559182
"10375",3.98389786674803
"10376",3.00418533512239
"10377",4.02954210270028
"10378",3.65906271048236
"10379",3.09515366198987
"10380",2.46329554905694
"10381",3.75512185124272
"10382",3.87444073307622
"10383",3.66786793662117
"10384",3.07812399725843
"10385",4.45350943529894
"10386",2.98814924243202
"10387",3.00033033557962
"10388",4.08206689651752
"10389",3.41021874984059
"10390",4.15362863126407
"10391",3.43591043868376
"10392",5
"10393",3.98429008099334
"10394",2.82686910698299
"10395",4.66032495533461
"10396",3.36913210546699
"10397",4.413308620282
"10398",3.79456671378508
"10399",4.54301447709649
"10400",2.72142714395646
"10401",3.45419105403431
"10402",3.14876263410373
"10403",4.08744137389527
"10404",4.05616096250987
"10405",3.76615285537763
"10406",3.7827279208132
"10407",3.88676850438687
"10408",4.54290486861505
"10409",2.78256706538722
"10410",3.63826420004919
"10411",4.43906861033424
"10412",3.35170185622152
"10413",3.37720097315189
"10414",3.61767272835457
"10415",3.79500126951872
"10416",3.95188241117195
"10417",3.52836517336337
"10418",3.41445183888616
"10419",3.28303671088287
"10420",2.74473636849233
"10421",3.43806190187088
"10422",3.68986036145856
"10423",4.08175173347765
"10424",4.55316362556126
"10425",4.21505510287745
"10426",4.46812103717867
"10427",2.47290967006644
"10428",3.65727897570947
"10429",3.58647821043413
"10430",4.20174544275301
"10431",3.7272506290981
"10432",3.66253298050786
"10433",3.78444716288238
"10434",3.21757415142703
"10435",4.37056199454395
"10436",4.3694294740449
"10437",3.52529747786839
"10438",3.58461085391894
"10439",3.19530263934544
"10440",3.71036976384032
"10441",3.623970806653
"10442",3.6030058539919
"10443",3.08132096370622
"10444",3.10867789264828
"10445",3.68860414465995
"10446",2.887791074925
"10447",3.15854824925015
"10448",3.86857764907574
"10449",3.61760618547026
"10450",3.98374044446465
"10451",3.43436369810807
"10452",2.9523332759294
"10453",3.69938983576337
"10454",3.86105473422111
"10455",4.12285159033238
"10456",3.34474549388685
"10457",3.72884672532274
"10458",3.08761794227874
"10459",3.28790092011885
"10460",4.46498549377458
"10461",3.07546382797136
"10462",4.47741456274879
"10463",3.40958308238243
"10464",3.63566057259218
"10465",3.84213790505035
"10466",3.62600367022049
"10467",2.81849103390065
"10468",2.58769940159295
"10469",3.2689139177439
"10470",3.99594182199081
"10471",3.29126653484671
"10472",3.78296158069826
"10473",3.62773834656471
"10474",4.01986809471224
"10475",3.70338300271846
"10476",3.19802625114434
"10477",4.13600264841082
"10478",3.7219314033979
"10479",3.51979540756595
"10480",4.1076874684491
"10481",4.68026129598672
"10482",3.75156181194773
"10483",3.88830515010372
"10484",4.21602386261649
"10485",4.05145286189832
"10486",4.44085834004673
"10487",2.94479186708798
"10488",2.72186056943078
"10489",3.42138335288967
"10490",2.96228097788016
"10491",4.46261241946146
"10492",3.59217744801167
"10493",2.94119081824416
"10494",4.76173733385997
"10495",4.24274974764111
"10496",3.3725038509264
"10497",4.6223163051509
"10498",4.19052821010408
"10499",3.92039931036141
"10500",3.35313429473747
"10501",4.08059095378378
"10502",3.52658665331386
"10503",3.26393643926487
"10504",4.00671541558535
"10505",2.4766361937842
"10506",3.83100733468447
"10507",3.05878014175896
"10508",3.56674749804042
"10509",3.41211797918176
"10510",4.04928572279348
"10511",3.0079377471497
"10512",3.15145602929001
"10513",3.61086764388638
"10514",2.74197398218469
"10515",3.19314358082037
"10516",4.21280351495569
"10517",2.11380864892518
"10518",3.89785578456502
"10519",4.4200969752644
"10520",4.35583113092486
"10521",2.94224508644931
"10522",4.77341593119706
"10523",3.23741564614649
"10524",3.93760098607256
"10525",3.69459766077532
"10526",3.44939698109604
"10527",4.41988785616964
"10528",3.29336044956693
"10529",4.51114744128061
"10530",4.30648686360073
"10531",3.47478229750484
"10532",2.73375701941204
"10533",3.5395412299302
"10534",3.61151136018934
"10535",4.08751224759476
"10536",3.78826603391945
"10537",2.88307092842832
"10538",3.27459413679642
"10539",3.9400940693333
"10540",4.46766203963939
"10541",3.38468387495613
"10542",1.79624323296829
"10543",3.19916602636607
"10544",3.84230606318006
"10545",3.58114304941123
"10546",3.74349853473897
"10547",3.99757125416599
"10548",4.41393601233147
"10549",3.33840964987866
"10550",4.06340089059173
"10551",3.5426010028035
"10552",4.13714107621206
"10553",4.70662750104003
"10554",3.14986249372238
"10555",3.55845815015816
"10556",2.65673849271914
"10557",2.83225981040231
"10558",3.44262342254523
"10559",3.47192496430161
"10560",3.72973198936121
"10561",3.5640998311911
"10562",3.78252404101764
"10563",3.97528895941411
"10564",3.1864884290518
"10565",4.03705885817747
"10566",3.04394653562234
"10567",3.08727119001923
"10568",3.3278678116602
"10569",4.05589318420142
"10570",3.34488407261733
"10571",3.49518030383349
"10572",3.42772984237631
"10573",2.99432668488138
"10574",3.41084123861756
"10575",3.09870704695647
"10576",3.01502336578549
"10577",2.82060730153361
"10578",3.96119345787939
"10579",2.66876976415778
"10580",4.37463311072442
"10581",3.11941649121078
"10582",3.90168241844385
"10583",4.25204002944258
"10584",3.06026518732346
"10585",4.15163862925054
"10586",3.04552687067646
"10587",4.25464481878618
"10588",3.81516518680658
"10589",4.57690606132326
"10590",3.8064152786518
"10591",4.34986874969363
"10592",4.26086377267525
"10593",3.26567498132294
"10594",2.55291538881366
"10595",3.88835150459085
"10596",3.79501794665193
"10597",4.44334362179151
"10598",3.22324202886942
"10599",4.29733646654508
"10600",2.76794876686084
"10601",4.33949644150642
"10602",4.15571968775684
"10603",3.12980165104688
"10604",4.16212805521775
"10605",2.88375291124082
"10606",3.23762498166131
"10607",3.4181107747868
"10608",4.06991200957074
"10609",3.48123584047738
"10610",3.5014037070471
"10611",3.97725738517801
"10612",4.89880616907874
"10613",3.60143244168491
"10614",3.19942663803674
"10615",3.40312287515674
"10616",2.69556376172513
"10617",3.65060220863782
"10618",3.86884267404172
"10619",2.45586897077066
"10620",3.49733280719112
"10621",3.91891234033283
"10622",4.63258584444343
"10623",3.48783616184841
"10624",4.20466873747464
"10625",4.31092741683146
"10626",4.67328602740675
"10627",3.84467973494834
"10628",3.50895262048156
"10629",4.31205411161455
"10630",4.05351862351953
"10631",3.64718384765924
"10632",3.52070253199897
"10633",3.9333307194294
"10634",3.89153912842368
"10635",2.86232622389341
"10636",3.22416843040536
"10637",3.81370077337496
"10638",2.80091181395121
"10639",4.18995597309268
"10640",2.34767785644212
"10641",2.75579026372384
"10642",3.54322671223277
"10643",3.46642068811293
"10644",3.17794162134705
"10645",4.07214190208692
"10646",4.34010654153465
"10647",3.3288722579301
"10648",4.22186352186009
"10649",2.21584910408898
"10650",3.9166489137076
"10651",4.23450803617202
"10652",3.77258800601828
"10653",3.52524558616416
"10654",3.18849326150486
"10655",3.72824997296462
"10656",3.69673645135277
"10657",3.86358310478901
"10658",2.98454235778315
"10659",3.22495996785587
"10660",3.44820424333883
"10661",3.23965334941068
"10662",3.64202609266214
"10663",3.00381925113617
"10664",4.18815208271657
"10665",2.63760133570523
"10666",3.97806201202045
"10667",4.1928716935744
"10668",3.48738069888711
"10669",4.43648562791582
"10670",3.12970748216016
"10671",2.33935666328491
"10672",3.9964259485838
"10673",2.45208207103534
"10674",4.44457053485458
"10675",4.20070188827843
"10676",4.54089918838531
"10677",3.00770667684978
"10678",4.73379332854541
"10679",3.47786974706927
"10680",3.2934330851817
"10681",2.73383662465082
"10682",4.68776962381135
"10683",4.73376477603457
"10684",4.14953270992284
"10685",3.97905906456298
"10686",3.45826532102851
"10687",3.09782788204607
"10688",4.1878208999995
"10689",3.05820211226218
"10690",4.23070349397457
"10691",2.84071158531186
"10692",3.50241520059571
"10693",4.52085203993693
"10694",3.99754523477456
"10695",4.85773454216603
"10696",2.67845359639291
"10697",3.99040535800747
"10698",3.29383227703691
"10699",4.02444911019942
"10700",3.83340373707474
"10701",4.02785986972874
"10702",2.61503191299977
"10703",3.86476343749939
"10704",4.81871553984556
"10705",4.3834068273766
"10706",3.29649318396872
"10707",4.13861943199513
"10708",4.05334350323168
"10709",4.5876859167292
"10710",3.16028658062246
"10711",3.65527910894557
"10712",3.06116550131661
"10713",2.65774425807
"10714",3.00266910972062
"10715",2.7155523687128
"10716",4.45708282870788
"10717",3.40685224418486
"10718",3.62795403509064
"10719",4.36029360668959
"10720",2.6772639410545
"10721",3.28206180202076
"10722",3.10358579496277
"10723",3.77958504778166
"10724",3.20410715886169
"10725",3.85912580873236
"10726",3.2111957526677
"10727",3.20027129134266
"10728",3.31282137682849
"10729",3.69331489139192
"10730",2.99560479582725
"10731",3.70629895091965
"10732",2.88297838834798
"10733",3.51559672298172
"10734",3.48416296857701
"10735",4.40116920169427
"10736",3.59561565743077
"10737",3.04375669718513
"10738",4.58032748640957
"10739",2.86293986550875
"10740",4.68187299155599
"10741",3.08757919965686
"10742",3.2128498145469
"10743",3.68992214179216
"10744",2.88285244129273
"10745",1.80887260470288
"10746",3.40443748727467
"10747",3.48878482888089
"10748",3.02761849258522
"10749",5
"10750",2.42417482088414
"10751",3.26431071584324
"10752",2.76760139587172
"10753",3.37770185896016
"10754",2.44176129051695
"10755",3.77673800824177
"10756",4.58171023918911
"10757",1.96547602623519
"10758",4.58798697310469
"10759",4.24006969132319
"10760",4.0193755365217
"10761",3.84437138391121
"10762",3.51907970957532
"10763",3.26839496559244
"10764",3.13466096759168
"10765",3.3817962926077
"10766",3.64619035820442
"10767",3.69805520679431
"10768",2.92542539435072
"10769",3.45928736263192
"10770",3.43563515454526
"10771",3.50064880755291
"10772",3.42865493648877
"10773",4.37151290188702
"10774",3.85300195247661
"10775",3.94309626892899
"10776",3.84107813117981
"10777",3.78173588786425
"10778",3.83612233898739
"10779",2.94905048168063
"10780",3.16885482975462
"10781",3.334455979717
"10782",3.82947555844472
"10783",3.33436112539002
"10784",4.21265170459317
"10785",3.84714344797345
"10786",3.34375044393353
"10787",3.75515883539304
"10788",4.52268060962991
"10789",3.60003494902457
"10790",3.91401856501952
"10791",4.20971294718982
"10792",4.08160502279939
"10793",1.26372476079263
"10794",3.05530887241395
"10795",3.43863544971984
"10796",3.7425866320427
"10797",4.23173286409102
"10798",3.36711547303895
"10799",3.88532672681254
"10800",4.54108017303869
"10801",4.82603262642271
"10802",3.61964476848709
"10803",4.08288467568745
"10804",3.07680578401594
"10805",3.69103956558051
"10806",3.34373191352637
"10807",3.8778644479871
"10808",3.10974284801132
"10809",4.25430583541027
"10810",3.08535729532349
"10811",3.61450588651193
"10812",4.03978303944358
"10813",3.09838244301322
"10814",4.36915967507592
"10815",4.63999681961217
"10816",3.56423133562649
"10817",4.73838058770722
"10818",2.76260064249198
"10819",3.50828588318855
"10820",2.12524205840536
"10821",2.78497558309805
"10822",2.25868438921783
"10823",4.21956314397385
"10824",3.56371279239566
"10825",3.64351043051903
"10826",4.47142260453476
"10827",3.38902469796638
"10828",3.37532820973892
"10829",3.62174710403328
"10830",2.6237113890637
"10831",3.81403871663022
"10832",4.22244137028865
"10833",3.44134339171632
"10834",3.47709074399521
"10835",4.39193040413954
"10836",4.25461139735291
"10837",2.88476683165281
"10838",3.4603968267232
"10839",4.07793609246874
"10840",3.65740581709901
"10841",3.16574781757938
"10842",3.21650239443882
"10843",3.94996766384648
"10844",4.66119938325235
"10845",3.34961053670119
"10846",4.43914778827042
"10847",3.33180154614194
"10848",4.38633132323644
"10849",3.3556204123858
"10850",3.52207383169664
"10851",3.21049910053588
"10852",4.39983199945953
"10853",3.77894870791261
"10854",3.09201225419805
"10855",3.78345372163317
"10856",3.47387453982159
"10857",3.41406484686377
"10858",4.34583158140477
"10859",3.12333049667949
"10860",4.17525630496458
"10861",4.14506799865268
"10862",4.74849768258067
"10863",3.22432100561419
"10864",4.03988757324658
"10865",4.95902468434344
"10866",3.75271941272402
"10867",4.78184410394086
"10868",4.19763115490832
"10869",2.30906160511871
"10870",2.9067067292082
"10871",3.65360109171178
"10872",4.15239123696593
"10873",4.00084275227655
"10874",2.6265929071272
"10875",2.29845648152622
"10876",4.80186754787049
"10877",3.79820545772171
"10878",3.12057282964464
"10879",2.98797223240407
"10880",4.05242472509396
"10881",3.88277833600998
"10882",4.34500164419397
"10883",3.13660216415241
"10884",3.67127793745527
"10885",4.46372848702122
"10886",2.94378714719284
"10887",3.09407344503325
"10888",3.3878498069901
"10889",2.97449317392642
"10890",3.53049215423811
"10891",3.55388789289568
"10892",2.44821414823737
"10893",3.35139068849707
"10894",3.02438282124743
"10895",3.04026505591056
"10896",4.13892044628388
"10897",3.76882627956818
"10898",3.51423263114189
"10899",3.10374191982881
"10900",3.68337149991627
"10901",3.68111861033157
"10902",2.90237300698153
"10903",3.33524073400589
"10904",2.91116388278102
"10905",3.31226073925731
"10906",4.32594773045914
"10907",3.95976458012396
"10908",3.32699318763198
"10909",2.60411346939841
"10910",2.57683752566585
"10911",4.0306778506466
"10912",3.21212852547091
"10913",2.91326145382763
"10914",3.4700589040444
"10915",3.84266813741154
"10916",3.97853205011045
"10917",2.84403420276033
"10918",3.55439661090688
"10919",3.97859332453193
"10920",3.5948020827102
"10921",3.90906212892077
"10922",3.98339593294868
"10923",3.67420184108753
"10924",3.0122411467122
"10925",3.71581242143638
"10926",4.91592494707201
"10927",3.39376946371866
"10928",4.04905998337248
"10929",3.06392916206933
"10930",4.09471915146188
"10931",3.42468919583333
"10932",3.53763468166746
"10933",3.35262747023357
"10934",3.54274908687312
"10935",3.14048900410717
"10936",4.14908341580136
"10937",3.45206393699702
"10938",2.48694081648109
"10939",4.66279012816661
"10940",3.4731125098605
"10941",4.20801711141242
"10942",2.96536019577467
"10943",4.30152293103191
"10944",3.9577759957973
"10945",4.07242443446865
"10946",3.15628305707411
"10947",3.81251327440502
"10948",2.65442869627725
"10949",3.46218718393625
"10950",3.72067709077844
"10951",3.91919327396939
"10952",2.8693745796042
"10953",2.95401772218443
"10954",3.33521348380381
"10955",3.62870720095247
"10956",4.4348632873234
"10957",4.11847940881324
"10958",3.37300894499731
"10959",3.15611338949326
"10960",3.14694899935775
"10961",3.09418433871431
"10962",3.77528815381462
"10963",3.77705576629992
"10964",3.40675473758698
"10965",3.84597559462421
"10966",3.10482488188906
"10967",4.08442095387321
"10968",2.90113209917209
"10969",3.49213714638957
"10970",4.76068370614236
"10971",4.49548642990082
"10972",3.43702137768695
"10973",3.66162175664763
"10974",3.25343748203469
"10975",3.20648282396654
"10976",4.4777662498412
"10977",3.6488756114045
"10978",2.89489631667015
"10979",1.8530350774117
"10980",4.5198336232824
"10981",2.96012938412189
"10982",2.62523037638847
"10983",3.78102738206582
"10984",3.34431471195787
"10985",3.55140516938453
"10986",4.01655050059761
"10987",3.98019373753345
"10988",3.96094008128421
"10989",3.27291034761379
"10990",4.51630797678425
"10991",4.29765034400528
"10992",4.16432411571609
"10993",3.16192956793724
"10994",3.86058979761433
"10995",2.14813307073073
"10996",5
"10997",3.69096703256068
"10998",4.10238257677698
"10999",4.08398927706849
"11000",4.04863367250486
"11001",3.9696849498274
"11002",3.97184007592054
"11003",4.97338999162646
"11004",2.71273065292394
"11005",3.5046255051358
"11006",3.60772735829443
"11007",3.593366213009
"11008",3.38825242853539
"11009",3.5809407939579
"11010",3.94701936677785
"11011",4.38125756595939
"11012",3.67533472176931
"11013",2.30770263866613
"11014",3.60837217262353
"11015",3.21245654375995
"11016",3.61197155892715
"11017",3.83520441254478
"11018",3.82255639147072
"11019",2.89551130951498
"11020",3.20068596738478
"11021",3.72034177112163
"11022",3.50619826895085
"11023",4.54431220408865
"11024",4.16605283309512
"11025",4.29501252334274
"11026",3.4463168920822
"11027",3.16927485308388
"11028",2.94546944946479
"11029",4.71236400497952
"11030",3.23627950450134
"11031",4.48941284845432
"11032",4.54841324109479
"11033",3.44610367677931
"11034",4.3644530228666
"11035",2.82398122276442
"11036",3.67595833317431
"11037",3.57671127742316
"11038",3.29232302701876
"11039",3.8617830904637
"11040",2.76709308627572
"11041",2.47416844036012
"11042",3.48835835848342
"11043",2.88358384643024
"11044",3.34361340535242
"11045",4.21965776603995
"11046",3.56838511344352
"11047",2.99749004402644
"11048",2.97396948434874
"11049",3.01195387687799
"11050",3.91840050916598
"11051",3.90184619707639
"11052",4.06312572738859
"11053",2.78369966825948
"11054",3.79230646731734
"11055",4.35768493747354
"11056",3.36927729401787
"11057",3.96411621323616
"11058",4.20004828228249
"11059",2.57820976986521
"11060",3.59821882490712
"11061",3.54238630085556
"11062",3.99059803455478
"11063",3.52482596202402
"11064",4.07523383065215
"11065",4.50114185600846
"11066",3.53943633553045
"11067",1.60659523611605
"11068",3.69140286179583
"11069",3.60880919787375
"11070",4.40300180415664
"11071",3.03664563547782
"11072",3.66829906994322
"11073",2.60940693095806
"11074",3.52725316842517
"11075",3.37492785316115
"11076",4.02061403347031
"11077",3.61958997501291
"11078",4.21788646433111
"11079",4.0325299948185
"11080",3.24104371246263
"11081",4.70588037121401
"11082",3.64644112787488
"11083",4.48956715452028
"11084",4.13537765043318
"11085",3.93185205466647
"11086",3.42894833740505
"11087",3.80008140454495
"11088",4.63785399612699
"11089",4.60824660937496
"11090",3.61915749892587
"11091",4.55788582563301
"11092",3.91676908022346
"11093",2.8815037545587
"11094",3.98341661033856
"11095",3.7058301002948
"11096",3.43369353942341
"11097",3.82863257103569
"11098",3.63848213680653
"11099",3.6791995037938
"11100",3.50083285407811
"11101",4.60610504244857
"11102",3.25143962343623
"11103",2.80039523834779
"11104",4.36645915620865
"11105",3.40365104151839
"11106",3.79264954942114
"11107",3.85884244277744
"11108",4.03200275106077
"11109",3.80438332503356
"11110",3.46885744814105
"11111",4.14107017715003
"11112",3.46488589974303
"11113",3.79524878556104
"11114",2.93633525076683
"11115",4.60297363731811
"11116",3.4206866803178
"11117",3.88665377968366
"11118",3.3313563922862
"11119",3.79682781281777
"11120",3.51258575070209
"11121",4.1342304879543
"11122",3.81900985653089
"11123",3.95845954899229
"11124",3.10065761497559
"11125",3.07309202847296
"11126",4.87265895758015
"11127",3.7749929479932
"11128",4.25488655375559
"11129",4.11409326117961
"11130",3.34626076219446
"11131",4.12389598277699
"11132",4.1326677596714
"11133",3.63215504238494
"11134",4.26940818257934
"11135",3.55517576948342
"11136",2.79994448440449
"11137",2.92144033700216
"11138",2.51006498814618
"11139",3.75214834023546
"11140",3.78404624049908
"11141",5
"11142",4.73861019785993
"11143",3.1801635492481
"11144",3.98977309748027
"11145",4.23645515217616
"11146",2.97048943852823
"11147",3.71286872059914
"11148",3.421637486767
"11149",2.83890186348505
"11150",4.05006855218634
"11151",3.56319808739144
"11152",3.30747885125754
"11153",3.97339012510912
"11154",3.19436386604779
"11155",3.41918029736121
"11156",2.95928220606618
"11157",3.77584828360559
"11158",3.30267338513332
"11159",2.54680894779395
"11160",2.44490206139364
"11161",3.5303588458096
"11162",2.91415016203771
"11163",4.2196520225549
"11164",4.24727978715468
"11165",3.46963220908178
"11166",3.54637576989445
"11167",3.49163811049781
"11168",3.93400364240436
"11169",4.80732825121465
"11170",4.19369832984804
"11171",3.63416469712591
"11172",3.48270031477341
"11173",4.25732651263917
"11174",2.95891925873563
"11175",3.22255383729212
"11176",4.1087958603081
"11177",2.62001142762933
"11178",2.63886301266419
"11179",3.69312723838097
"11180",1.78627768391183
"11181",3.76158485389945
"11182",2.98821870650105
"11183",3.03619560237676
"11184",4.18215824081877
"11185",4.01231458889482
"11186",3.19155223769015
"11187",4.5418371905794
"11188",2.76517881868478
"11189",3.22581029591283
"11190",4.40789917308678
"11191",3.84128889309302
"11192",2.79808241872931
"11193",3.7699291491718
"11194",3.66043237024071
"11195",4.18980522520772
"11196",3.46991814761756
"11197",2.54540965874071
"11198",4.09101238975676
"11199",2.80332369371228
"11200",3.69516159568725
"11201",3.74077312114201
"11202",3.69819782062289
"11203",3.09063284928049
"11204",4.33950852579757
"11205",3.21964670143583
"11206",3.77983905456472
"11207",3.96881746411536
"11208",3.28910420520655
"11209",4.18478091787832
"11210",3.51415471207086
"11211",3.2525381211614
"11212",4.09185218895198
"11213",3.71466089515286
"11214",3.8630881050431
"11215",3.91130582987071
"11216",3.91029281459068
"11217",3.28447193436152
"11218",3.51826947269805
"11219",4.07903735529467
"11220",4.11685419463805
"11221",4.70184058139083
"11222",2.42671982616026
"11223",3.02999081754371
"11224",4.0112279951297
"11225",3.57875441827591
"11226",3.35810252870865
"11227",3.74480737425825
"11228",3.73703796316988
"11229",3.31587731726916
"11230",2.96946185916147
"11231",4.09897845987272
"11232",3.12862597968723
"11233",4.03553411796004
"11234",3.85115207340557
"11235",3.56253023548277
"11236",4.71120347457452
"11237",2.85659497074952
"11238",3.62546746213667
"11239",3.68596709659994
"11240",3.81543852269302
"11241",3.0739458824719
"11242",4.16916703056066
"11243",3.77437940996555
"11244",4.08505489289459
"11245",3.46567038178871
"11246",5
"11247",3.60710268074337
"11248",4.75193669738063
"11249",3.04392302792626
"11250",3.42853862877585
"11251",4.04669720595297
"11252",2.88225260732498
"11253",3.05893542535525
"11254",4.05368638752241
"11255",2.2402657595394
"11256",2.26712974091281
"11257",4.95165234050632
"11258",3.93746382698648
"11259",2.65516636634956
"11260",3.44415757508301
"11261",3.65585123965131
"11262",4.3619896018487
"11263",4.1887967295813
"11264",4.04376451182403
"11265",3.65673743692365
"11266",3.5689560954878
"11267",3.92313286134484
"11268",2.81472293804287
"11269",4.17866747919827
"11270",3.74018062908692
"11271",3.4959381376533
"11272",3.41348237266923
"11273",4.29828064202087
"11274",4.30381274955591
"11275",2.11287784502894
"11276",4.58074290063281
"11277",3.79172681737953
"11278",2.44082727351938
"11279",3.06169377133348
"11280",2.68860823807168
"11281",3.57026838662438
"11282",3.05855359227979
"11283",2.68190974541936
"11284",4.26633174289954
"11285",4.27868940553096
"11286",3.47272600140238
"11287",4.61634360326459
"11288",4.25663057497002
"11289",4.1034230898941
"11290",3.83388083648178
"11291",3.59427921345986
"11292",3.2740166334379
"11293",4.15028504005476
"11294",3.92979790026049
"11295",4.09135679331677
"11296",3.05988386410872
"11297",3.48197285694797
"11298",4.59934370011569
"11299",3.2470918530151
"11300",2.9056840838006
"11301",3.40126437146956
"11302",4.14679997392226
"11303",4.22970034889049
"11304",3.53994827826118
"11305",4.20165409889349
"11306",3.67185613274155
"11307",3.93284499511432
"11308",3.05061633188848
"11309",3.67128568872526
"11310",3.98579165327099
"11311",3.84051704175051
"11312",3.13445327619722
"11313",4.08741220026742
"11314",4.05583804060219
"11315",3.62323931973118
"11316",4.32733090264878
"11317",4.04331046556381
"11318",2.94179659641867
"11319",4.99032914565817
"11320",3.1643683143285
"11321",4.07834148695105
"11322",3.881402696867
"11323",2.9755321856535
"11324",3.20680479792929
"11325",3.26802433677293
"11326",3.55334909454082
"11327",4.17375927208512
"11328",3.25178149902429
"11329",2.4989936970105
"11330",4.13754969246757
"11331",3.00497937089163
"11332",3.84775660959699
"11333",3.83279998318162
"11334",4.18409411705302
"11335",4.47376681723525
"11336",3.18391068419013
"11337",4.00861967318372
"11338",3.80194157496086
"11339",3.34848332000677
"11340",3.89644359112187
"11341",3.23337500543865
"11342",3.70695601356088
"11343",3.90058161652973
"11344",3.9948890718342
"11345",3.20804877198324
"11346",3.23279707816481
"11347",3.59015799009059
"11348",4.07329950691305
"11349",2.9965485676965
"11350",3.75160768160568
"11351",3.6402557541365
"11352",3.86166021816807
"11353",3.49147857948883
"11354",3.11889475977463
"11355",4.26988558985981
"11356",4.19430287420747
"11357",3.94653051886853
"11358",3.06816938753352
"11359",3.85332050851664
"11360",3.72714846050303
"11361",2.64207817256441
"11362",4.63526708997165
"11363",3.43130624459555
"11364",3.5217315855701
"11365",4.67879060345276
"11366",2.09825338822993
"11367",3.22901284034271
"11368",3.16359915773597
"11369",3.29161512834871
"11370",4.94642509541751
"11371",4.024644122021
"11372",3.41648349079063
"11373",3.30711471811478
"11374",4.54138418648408
"11375",3.80080896434853
"11376",4.50807593433219
"11377",3.86995677958463
"11378",4.03613947558346
"11379",4.67724490121242
"11380",2.82427385036123
"11381",4.11803130794993
"11382",3.36289047897989
"11383",3.87085023069325
"11384",3.41146831297007
"11385",4.91192280643874
"11386",3.49511694298101
"11387",3.32161751800875
"11388",3.26865873251297
"11389",3.97424718809289
"11390",2.99532325776824
"11391",4.34966824859689
"11392",3.93819913852884
"11393",3.23713819863046
"11394",4.85278112549971
"11395",4.45165071130594
"11396",4.15199428324012
"11397",4.45004163210274
"11398",3.38468726881328
"11399",3.42324283077561
"11400",3.24714885580201
"11401",4.33597880050984
"11402",4.30614454599727
"11403",3.3296564923182
"11404",3.72570700127993
"11405",2.00948885034004
"11406",3.31715273075253
"11407",3.04389207522932
"11408",4.49472939876428
"11409",3.16355178849216
"11410",2.62982841734503
"11411",3.58118669466694
"11412",3.33940533904662
"11413",3.47095664953789
"11414",3.07781621219674
"11415",3.47164055665998
"11416",3.16449270361269
"11417",3.4698648776319
"11418",4.09953634702895
"11419",3.93323311553335
"11420",4.38265365839478
"11421",4.0089344525876
"11422",3.94767323932728
"11423",3.16274693686163
"11424",3.2633110336473
"11425",3.93869645425464
"11426",4.91426125586451
"11427",3.15271583252117
"11428",3.62379453914322
"11429",3.66975297764974
"11430",3.86517514127464
"11431",4.56998243628815
"11432",3.39006183890094
"11433",3.99933191176871
"11434",3.45293613271429
"11435",3.76563714579181
"11436",3.38859987066541
"11437",3.4253408229909
"11438",4.43981851391085
"11439",3.35214052005709
"11440",3.58683540874041
"11441",3.79239397333553
"11442",3.82927518017897
"11443",3.29414223590379
"11444",3.24939715589603
"11445",3.28353638074314
"11446",3.80859848397125
"11447",3.51491469203191
"11448",4.12433206212299
"11449",3.92738366563228
"11450",3.26658188067449
"11451",3.1224613321342
"11452",2.98034102272775
"11453",3.48740114281744
"11454",4.00266471095
"11455",3.14613325062412
"11456",4.41205257180519
"11457",3.6755461217559
"11458",2.94641427204924
"11459",3.76324614719258
"11460",3.09203198918944
"11461",3.22529726840715
"11462",2.85974389223242
"11463",3.52491067895659
"11464",2.24939523042221
"11465",4.12561090377965
"11466",1.99965229623391
"11467",4.81375151253856
"11468",3.08535307308645
"11469",3.84079293100728
"11470",3.30009735514773
"11471",3.38559248456797
"11472",3.49410307655895
"11473",4.04433035231768
"11474",3.99968270788908
"11475",2.89287291204917
"11476",3.916663368478
"11477",2.61342589637393
"11478",3.54076945367449
"11479",3.92465788700058
"11480",3.33443726046792
"11481",3.98123848081731
"11482",4.52270551387945
"11483",3.0600824624477
"11484",3.95759929411786
"11485",2.28833744189686
"11486",3.98149291476614
"11487",3.09867343519532
"11488",4.50584752880332
"11489",3.86673330810007
"11490",3.00693352515417
"11491",3.35158516339159
"11492",4.40041763926025
"11493",4.73302051260144
"11494",3.51400359082875
"11495",3.4866025820195
"11496",3.75700309448452
"11497",4.54819162285635
"11498",3.2599869946883
"11499",3.62069212988071
"11500",3.90583281145254
"11501",2.92350755343584
"11502",2.04709405860411
"11503",2.2153798452185
"11504",3.453220291828
"11505",4.4937002055622
"11506",4.21996828365243
"11507",3.63916440729801
"11508",4.00215103485568
"11509",4.26460052482907
"11510",3.51155925678828
"11511",3.48640664528103
"11512",4.57940057408689
"11513",3.22226574842491
"11514",3.55920924242305
"11515",2.44242922693862
"11516",3.43698123877222
"11517",3.38909765638235
"11518",3.15703217595587
"11519",3.98614957359624
"11520",2.81548812616351
"11521",3.01115051655737
"11522",3.98943240852994
"11523",4.04584918999626
"11524",3.85399788713031
"11525",4.00705493383567
"11526",3.86534605700378
"11527",2.39653605297963
"11528",3.9880331443718
"11529",3.92817722623138
"11530",4.05247377337436
"11531",3.78781154559966
"11532",3.19856326185586
"11533",3.40572988837297
"11534",4.49048651311545
"11535",3.17341392194173
"11536",3.03810385279989
"11537",4.51461209903892
"11538",3.52514430113746
"11539",2.61181302678198
"11540",2.55567912636442
"11541",3.86476730049586
"11542",4.06631835678828
"11543",3.0533227429409
"11544",4.21828026326266
"11545",2.77713105522779
"11546",4.24130836870245
"11547",4.07772153632186
"11548",4.43441166987292
"11549",4.10513117705233
"11550",3.77713456358758
"11551",3.69784710951286
"11552",3.37242382554658
"11553",3.96522638176094
"11554",3.33509518516316
"11555",3.75735814705662
"11556",4.22566581042144
"11557",4.96516803976866
"11558",3.64681110979169
"11559",2.61390174947048
"11560",3.61696632770532
"11561",3.46150899091314
"11562",4.00705116298948
"11563",3.30465759579382
"11564",3.77127656309022
"11565",3.83883072895325
"11566",2.29222591878092
"11567",3.80008787367101
"11568",2.95721979375181
"11569",3.46885412663596
"11570",3.15513597559011
"11571",2.99313118960844
"11572",4.5826753827818
"11573",4.46875975126975
"11574",2.56844056162415
"11575",3.31208881434462
"11576",4.22739622384256
"11577",3.11654429107783
"11578",2.78734685713119
"11579",3.45222828538555
"11580",3.72196353236421
"11581",2.90979405058967
"11582",3.37122306382511
"11583",3.79202784284172
"11584",3.03352584435348
"11585",2.79314581910515
"11586",3.39396797960222
"11587",4.50543542552412
"11588",4.93111886093415
"11589",4.64616216554972
"11590",3.68746426226204
"11591",3.68032266940188
"11592",3.12322133067719
"11593",4.63861778015093
"11594",3.91019520452169
"11595",3.85177948582979
"11596",3.71432369248848
"11597",2.72787318128593
"11598",2.76383986021475
"11599",3.36847070050447
"11600",3.33926698533406
"11601",3.2566142082959
"11602",3.7051613997145
"11603",3.06190755695658
"11604",3.80241450442478
"11605",4.08928388143604
"11606",3.84693464853539
"11607",3.12579143230489
"11608",2.94503421953437
"11609",4.57942752723239
"11610",4.32764060177631
"11611",2.8728938567431
"11612",3.53003027102333
"11613",3.38578455271643
"11614",3.18844852813353
"11615",3.16522099917978
"11616",4.19661355367389
"11617",3.91840988682043
"11618",4.05860329552515
"11619",3.11605304542387
"11620",3.39586677618307
"11621",3.83172698709264
"11622",2.87419692623597
"11623",3.95847037652086
"11624",2.99358510585838
"11625",2.77651381467405
"11626",4.83887762341688
"11627",4.24470907499658
"11628",3.61983445776888
"11629",2.73981847449616
"11630",3.92426278686745
"11631",3.06146014622308
"11632",2.95588201682444
"11633",1.91853870968457
"11634",4.22906801975231
"11635",2.65292347943966
"11636",2.04897745487622
"11637",4.70343297255184
"11638",3.35088879881209
"11639",4.93335985831022
"11640",3.22904633983936
"11641",3.82014073020468
"11642",4.04845859625468
"11643",4.46581845003884
"11644",3.05731592989571
"11645",4.40345524813343
"11646",2.95918423053849
"11647",3.68043375119264
"11648",3.88834157863298
"11649",3.58501979896257
"11650",4.03918323226627
"11651",3.28942932199314
"11652",3.35821790497174
"11653",3.68636020054003
"11654",3.08208747585002
"11655",2.64701237975808
"11656",3.66959481212022
"11657",4.18682855955958
"11658",3.61913967516522
"11659",4.34655363657505
"11660",3.39235594549778
"11661",2.81591127859461
"11662",4.39164599390537
"11663",3.69950301963668
"11664",3.7597644632851
"11665",3.19992457767615
"11666",2.85871506434861
"11667",2.73044686397094
"11668",4.06413027029044
"11669",3.55998621777431
"11670",3.45068655185724
"11671",3.234626389588
"11672",3.79582257374676
"11673",4.29139362605249
"11674",2.12107119939858
"11675",2.85486803027058
"11676",4.08688370924382
"11677",3.98079250867699
"11678",4.09777447479415
"11679",3.64143279992187
"11680",3.74786680690762
"11681",4.1504792347157
"11682",3.27189000465501
"11683",3.54985637981077
"11684",2.82441770581474
"11685",3.9861711675505
"11686",3.75806681672337
"11687",2.9407560766658
"11688",2.90833533343889
"11689",3.03186339633151
"11690",4.79085415438661
"11691",2.59164179402397
"11692",2.70772854340167
"11693",3.7549457780297
"11694",3.0860236403553
"11695",4.18176878044914
"11696",3.58019413936957
"11697",3.37437370580925
"11698",3.21138062996713
"11699",3.42764682473998
"11700",3.83850967992575
"11701",3.3465414545801
"11702",3.79829881994729
"11703",3.50049235282116
"11704",4.11867405951346
"11705",3.55808022333283
"11706",3.75184272705066
"11707",3.98044530619727
"11708",3.71149617897238
"11709",4.42244295831853
"11710",3.13619928611884
"11711",3.34950211497587
"11712",3.05181033056625
"11713",3.92610427844706
"11714",3.46932165470732
"11715",3.60840479005524
"11716",3.56891850178762
"11717",3.08099607661635
"11718",3.82912632928274
"11719",2.82269580498212
"11720",3.69302169344159
"11721",3.6148525937624
"11722",3.29110412131214
"11723",2.61234700255688
"11724",4.83373129883461
"11725",3.81664537167511
"11726",3.73021258651023
"11727",3.88079432658883
"11728",3.53537879749799
"11729",3.86494681337233
"11730",3.94503692779623
"11731",4.16639467019505
"11732",4.07364670929682
"11733",3.48317273647785
"11734",3.68708113099505
"11735",4.69214272121464
"11736",2.82026631639906
"11737",4.68627501651855
"11738",2.42482516479611
"11739",4.17529553210658
"11740",3.71176172570055
"11741",3.3433777879108
"11742",2.6148002008959
"11743",4.5371784801417
"11744",2.46558527734091
"11745",3.70320924580175
"11746",3.67226493063336
"11747",3.80573116398561
"11748",4.41615565662532
"11749",4.27562943922294
"11750",5
"11751",3.34903514526092
"11752",3.44343614802294
"11753",4.17641817298938
"11754",3.58707549787022
"11755",4.68167174759655
"11756",3.18260798285485
"11757",3.42670198456329
"11758",2.48477170514663
"11759",4.48624444908753
"11760",4.19895015091713
"11761",3.08950217519005
"11762",3.75975667589141
"11763",3.97395627490994
"11764",3.63614277214163
"11765",4.27071847264269
"11766",4.28969224014859
"11767",4.45994924196286
"11768",3.97608279388667
"11769",2.3196605252417
"11770",3.32210957335914
"11771",3.0048786537291
"11772",3.65881759516982
"11773",3.23651688674987
"11774",3.1391092244104
"11775",3.25485656402458
"11776",4.2978842669105
"11777",3.78106891396494
"11778",2.68772365326084
"11779",2.59278872856328
"11780",3.19338498540191
"11781",4.30532483973764
"11782",3.3263414797477
"11783",4.76524019044174
"11784",2.68256591375274
"11785",4.23222227005395
"11786",3.04005291239446
"11787",3.65110282662204
"11788",4.59539041430213
"11789",4.19449354979436
"11790",3.99339927496769
"11791",3.82946477812276
"11792",2.69992575430035
"11793",4.63706952396287
"11794",3.68830418121633
"11795",4.47265941285445
"11796",3.4889643249333
"11797",3.7716983084069
"11798",3.48491627502352
"11799",3.43253700837326
"11800",3.50333436060354
"11801",4.21506400792119
"11802",4.25178977264557
"11803",3.28748836953766
"11804",3.71143865247802
"11805",3.85289708049192
"11806",4.33715843013245
"11807",3.04579274259086
"11808",4.12741897031302
"11809",4.21329330086902
"11810",3.31726480299352
"11811",3.76777170802589
"11812",3.07435732593549
"11813",2.77813881920324
"11814",3.39157484129016
"11815",2.97076791650225
"11816",4.14177880364196
"11817",2.55753284330254
"11818",4.14585229631342
"11819",3.95389560116877
"11820",3.87706016527675
"11821",4.8901765796729
"11822",3.58870277108948
"11823",4.45395158934848
"11824",3.52208267022012
"11825",3.21156168718302
"11826",3.73711715979623
"11827",3.95280809521519
"11828",3.05887758244779
"11829",3.5413890687685
"11830",4.17713026885841
"11831",3.04268881377051
"11832",3.99237672116939
"11833",3.15540522447637
"11834",4.2966093424555
"11835",3.69524193065333
"11836",3.87729845061126
"11837",4.50479938048301
"11838",3.91201595359266
"11839",4.7702987749071
"11840",4.04775842129157
"11841",2.75727205197766
"11842",2.824984204098
"11843",3.36165658202569
"11844",3.94961606978072
"11845",3.77501734528497
"11846",3.36875450282245
"11847",3.59125290242117
"11848",3.94857491745512
"11849",3.55051843954774
"11850",4.57196075141194
"11851",3.31200215444415
"11852",4.22381427192758
"11853",3.79646687135864
"11854",3.99425727374299
"11855",3.20047012981652
"11856",3.82347079566953
"11857",3.3317753096343
"11858",4.00768053083883
"11859",4.74492147096297
"11860",3.10459013656022
"11861",3.33055269540751
"11862",3.622579833463
"11863",3.55911228848218
"11864",3.72564961532019
"11865",2.66587333566891
"11866",2.77420355893735
"11867",4.16612344396419
"11868",4.34715714909704
"11869",4.18539703399377
"11870",3.19400770703703
"11871",3.86761839569523
"11872",2.68114297170429
"11873",4.12308534287095
"11874",4.77474045630202
"11875",3.69358348148677
"11876",1.83077440607207
"11877",3.51156311909576
"11878",4.13961763717342
"11879",3.69152051080313
"11880",4.64107194386357
"11881",3.17710233808396
"11882",3.77054149022283
"11883",4.25125478987001
"11884",2.7359678183076
"11885",3.33136836351299
"11886",3.93427258198373
"11887",4.27272842852152
"11888",4.07899041999418
"11889",4.22636936448053
"11890",2.60168881521499
"11891",3.61826345042863
"11892",3.05923355029464
"11893",2.94827427547964
"11894",3.93368188995811
"11895",3.31809167238003
"11896",3.65092746998988
"11897",2.57206479664167
"11898",3.44175315201368
"11899",4.19392401892842
"11900",3.12677835615187
"11901",3.16345176515045
"11902",3.16984892467906
"11903",3.40849081849217
"11904",3.33210493617073
"11905",3.84032736836549
"11906",3.71981658712376
"11907",3.30980530239384
"11908",4.5024191327314
"11909",3.11335483933895
"11910",3.9387549373902
"11911",3.63202823600226
"11912",3.67326486929839
"11913",3.04499575252519
"11914",3.42789774531059
"11915",4.29135107662823
"11916",3.4367953728185
"11917",3.00514655276178
"11918",4.24572856178145
"11919",4.33888178942719
"11920",3.30307548435313
"11921",3.36266036495138
"11922",3.76722171630572
"11923",3.50505739664657
"11924",2.99828609113627
"11925",3.33864494765373
"11926",4.03336393131634
"11927",3.90243204970837
"11928",3.36498331679573
"11929",4.05158570181554
"11930",4.47089341689735
"11931",3.98387119235545
"11932",3.89536137589502
"11933",3.60283585932245
"11934",3.85292365713625
"11935",3.6132063062189
"11936",3.0628885801129
"11937",3.82967331391555
"11938",2.859625149202
"11939",3.56378760078878
"11940",2.68403754080131
"11941",2.56806482387818
"11942",3.61496096037798
"11943",3.01280165818974
"11944",2.59568757216579
"11945",4.3565518490052
"11946",3.20630293781563
"11947",4.44593927965332
"11948",3.7290999387482
"11949",3.67066398706916
"11950",3.25375750674698
"11951",3.48151697048905
"11952",4.54544765969348
"11953",3.49402888642836
"11954",2.87115662324948
"11955",2.32769547557255
"11956",2.61030434099901
"11957",2.25714432564217
"11958",3.10177266280387
"11959",3.62823692634211
"11960",3.82774113812265
"11961",2.13864361865319
"11962",3.02285439266089
"11963",4.11660067797158
"11964",3.27428200756894
"11965",3.34608215677028
"11966",3.23629475586866
"11967",3.60836745031539
"11968",2.91229588418142
"11969",3.17625956409517
"11970",3.77615203411846
"11971",4.04997509974399
"11972",3.44308124047134
"11973",4.4398491281205
"11974",4.94029888758079
"11975",3.05376063480982
"11976",3.61256382106122
"11977",3.87095273010403
"11978",4.20690206657949
"11979",3.41986258406748
"11980",3.69563819455818
"11981",2.52623212907777
"11982",4.01032244897328
"11983",3.74806955026645
"11984",3.50485372861993
"11985",4.04853814445246
"11986",2.80307346833182
"11987",3.4142818095589
"11988",3.4208628212321
"11989",4.02834692181514
"11990",4.34670619603415
"11991",4.91672415347475
"11992",3.21951589913348
"11993",3.11301105189509
"11994",3.17884804274803
"11995",3.98657432430562
"11996",3.60708846532238
"11997",3.58197500710956
"11998",4.04961531534929
"11999",4.43234128538136
"12000",2.71413632052177
"12001",3.37832439840298
"12002",4.4527782149675
"12003",3.4704465613288
"12004",4.01997454651709
"12005",4.07898552207381
"12006",3.23616532705198
"12007",3.52718108537006
"12008",3.04928181015004
"12009",3.58123242452144
"12010",3.29291428789207
"12011",3.23859848644778
"12012",2.93061795578218
"12013",3.95150431298266
"12014",1.93369251720661
"12015",4.13848188171088
"12016",4.66949762877195
"12017",2.61280821883602
"12018",4.36358028189095
"12019",3.23483067830343
"12020",3.29357163665965
"12021",3.17786684387408
"12022",4.00720289450326
"12023",3.81287952298303
"12024",3.59551676938113
"12025",3.51218644972579
"12026",2.84624481729958
"12027",3.92832474366333
"12028",3.87345909049162
"12029",3.01708276752197
"12030",3.32521074610127
"12031",4.62300214269069
"12032",4.63846316388242
"12033",4.18864054041397
"12034",4.85521556865511
"12035",3.57517950010625
"12036",3.14525751273622
"12037",3.93214071815746
"12038",3.7443933185334
"12039",3.13495846412199
"12040",3.03578448853972
"12041",4.50778989795435
"12042",4.54515403756905
"12043",3.32041074478005
"12044",3.82594241632515
"12045",3.72979068649772
"12046",4.31662060791407
"12047",3.35678599370251
"12048",3.49103791629247
"12049",1.95992199118641
"12050",3.21522670016954
"12051",2.61572222539727
"12052",3.98177001508452
"12053",4.76978521481306
"12054",3.2821620439053
"12055",4.95110821516964
"12056",4.54814161451012
"12057",3.46008794626279
"12058",3.09831217125098
"12059",3.17384592884289
"12060",4.19909042919184
"12061",3.87974987333095
"12062",3.15034965543917
"12063",2.46503815570109
"12064",2.54571392421484
"12065",4.35147384100064
"12066",3.97308523743962
"12067",3.466994415347
"12068",3.01667707937562
"12069",3.38627475653516
"12070",3.19446328913799
"12071",3.97359030516766
"12072",3.6461270788862
"12073",3.94261624366127
"12074",3.27623911538915
"12075",3.66071902778879
"12076",3.45094129835442
"12077",2.78330950780295
"12078",4.15835301836999
"12079",3.61739010709255
"12080",2.11556987941618
"12081",4.39182961054898
"12082",3.60348924967877
"12083",4.2149305620749
"12084",3.95665281889463
"12085",3.10005341057416
"12086",3.56655773834617
"12087",3.38147482997599
"12088",3.0927605793368
"12089",4.05136964754051
"12090",3.74714095737471
"12091",3.53346655440907
"12092",3.58947290263028
"12093",3.53794928597575
"12094",3.1743593983711
"12095",2.56865805360861
"12096",4.3010606543799
"12097",4.0069595421524
"12098",4.0811612817982
"12099",3.59521371577615
"12100",3.56211411391212
"12101",3.87172938146379
"12102",4.66462473078099
"12103",3.87203231824879
"12104",3.29314046646571
"12105",4.73083574438578
"12106",3.41977410063315
"12107",2.94027418764463
"12108",3.86893951431981
"12109",2.87146896380501
"12110",3.3439669428615
"12111",3.69269442082339
"12112",3.82232022493041
"12113",3.7798780294624
"12114",3.52197203895173
"12115",3.46147327822115
"12116",4.25735518729191
"12117",3.66267000196455
"12118",2.71762722986935
"12119",3.278874505864
"12120",3.51269494819695
"12121",4.12147309743453
"12122",3.72899384175338
"12123",3.81093216337072
"12124",4.41905865202103
"12125",4.33823679800687
"12126",3.73180292049033
"12127",3.11625327173633
"12128",4.75619779368706
"12129",2.67003268542789
"12130",4.48144919485249
"12131",3.16259844346156
"12132",3.11794009369754
"12133",2.76613018680171
"12134",4.56439532097571
"12135",3.39986038195998
"12136",4.1706056995784
"12137",4.39750883245858
"12138",3.9082515405872
"12139",3.84009843562208
"12140",3.35411589571818
"12141",3.31453832734151
"12142",3.99519852659338
"12143",3.27394767804615
"12144",3.1903653902598
"12145",3.95310959960653
"12146",3.20011554279909
"12147",4.25874873572943
"12148",4.06422489757401
"12149",2.7567819949702
"12150",3.55398123773878
"12151",4.10669563491415
"12152",4.6311379585668
"12153",3.83207237127511
"12154",3.25078363195387
"12155",4.17156960544913
"12156",3.47334444341699
"12157",3.21017079327298
"12158",3.90794241376349
"12159",2.81426055839722
"12160",3.69306796756212
"12161",3.06062627554579
"12162",4.61412197762706
"12163",3.46648470676769
"12164",3.97575098323134
"12165",3.03913507157702
"12166",4.8875904277867
"12167",3.60412229901692
"12168",2.98679581225843
"12169",4.24098429373573
"12170",2.9638492740825
"12171",3.00224668270414
"12172",2.5456932632176
"12173",3.29831154481672
"12174",3.62241292793126
"12175",2.11055595327272
"12176",2.31577840901825
"12177",2.77569838494549
"12178",4.73947222389102
"12179",3.00200788465735
"12180",4.63431981932913
"12181",4.24035762109975
"12182",3.95538824669058
"12183",2.93014788792576
"12184",4.63012519576731
"12185",3.11534121325751
"12186",2.96335157865358
"12187",2.74374764893058
"12188",3.95255067057811
"12189",3.96420804083652
"12190",4.20019652860988
"12191",4.16705478477855
"12192",4.02704098816252
"12193",2.51063943620578
"12194",3.06391752396937
"12195",4.0110700521399
"12196",3.40123900032056
"12197",3.96225776327415
"12198",2.56399342566167
"12199",3.95771685502612
"12200",3.99857973316095
"12201",4.99737195141048
"12202",3.88711000512819
"12203",3.22152779526312
"12204",4.05514679226217
"12205",3.25334891770403
"12206",3.8590566835019
"12207",3.05543701247662
"12208",3.71844777297077
"12209",4.39650298400012
"12210",3.72950957661936
"12211",4.26994393136991
"12212",4.04228737648347
"12213",3.37036795693739
"12214",4.54790937507894
"12215",4.16284635706416
"12216",3.49099589513673
"12217",4.55720420657839
"12218",3.82710445348242
"12219",3.46357706881537
"12220",2.99321485674048
"12221",4.66074709435821
"12222",2.96473552080947
"12223",3.76855657664867
"12224",4.52990529196833
"12225",3.61020670076353
"12226",2.91498685788624
"12227",2.1668881786523
"12228",4.23329832114867
"12229",2.34209945079672
"12230",4.07434146769761
"12231",3.50922518770872
"12232",3.36023932306832
"12233",3.48385727184425
"12234",3.99633733804875
"12235",3.70761926385621
"12236",3.19042364255754
"12237",3.48177165278508
"12238",3.67378603231344
"12239",3.59624361109587
"12240",2.65940724506779
"12241",3.07173321998562
"12242",3.63458180142673
"12243",3.11745959539832
"12244",4.43916265113923
"12245",3.05352812491188
"12246",3.32063406937305
"12247",4.04080452123398
"12248",4.23291680327241
"12249",3.89684171851682
"12250",3.72134267500785
"12251",3.42231807845001
"12252",3.178624451719
"12253",3.92635169688152
"12254",3.48424910881452
"12255",3.20237254251154
"12256",2.97227655217341
"12257",3.76017479919082
"12258",4.05788362451
"12259",2.52455162745112
"12260",3.91900254843296
"12261",3.24520323609058
"12262",3.7506806617605
"12263",3.26998829928217
"12264",2.6358637494313
"12265",2.56146884217538
"12266",3.15923190923189
"12267",3.5450595076459
"12268",3.77272404769265
"12269",4.45168584355555
"12270",3.47047914348782
"12271",3.14110721864142
"12272",3.89753216337277
"12273",4.0099746095071
"12274",3.6977974218879
"12275",3.67380786392598
"12276",3.56708593474808
"12277",4.61178032286524
"12278",2.98482063249545
"12279",4.76341948993432
"12280",2.79250311476668
"12281",3.86471825720389
"12282",3.89413621877064
"12283",4.3747269806508
"12284",3.77170606930269
"12285",4.30262228603833
"12286",1.91819401034002
"12287",3.84439349167238
"12288",2.5209664988381
"12289",3.32956930196014
"12290",4.01742951842372
"12291",3.44783730106016
"12292",3.90574487975604
"12293",4.0558826805805
"12294",3.95337878599459
"12295",3.5168838577834
"12296",3.5593559539506
"12297",3.69518526892642
"12298",2.99046289073582
"12299",3.61401399086826
"12300",3.92666977423327
"12301",4.00495872755533
"12302",3.65309480890433
"12303",4.14054844505146
"12304",2.84575128356177
"12305",3.97031772342877
"12306",4.33492023770905
"12307",3.9484574436414
"12308",2.46495364154413
"12309",1.35886924595681
"12310",3.71333231051407
"12311",3.73461335789126
"12312",3.09611744317907
"12313",3.52276603546534
"12314",3.5451726471999
"12315",3.45009609251548
"12316",4.15384986998933
"12317",3.46346927303109
"12318",4.17778130131023
"12319",4.03335722102088
"12320",2.68799454861807
"12321",3.77364299695543
"12322",4.90935731497323
"12323",2.72592802684417
"12324",3.64037144573206
"12325",4.74026496095318
"12326",3.45742483168406
"12327",3.74214595529086
"12328",3.75786707820495
"12329",4.98339243586067
"12330",3.95077194439079
"12331",3.55132638653273
"12332",3.26271033036851
"12333",2.72229954597147
"12334",2.5819416454957
"12335",3.24379715611006
"12336",3.20400227397003
"12337",3.85397103179512
"12338",3.62459190619047
"12339",3.3164614641994
"12340",3.87572723950993
"12341",3.34908879432176
"12342",3.0820815159692
"12343",4.05307541729561
"12344",3.13114492617396
"12345",3.37589499120761
"12346",3.5175181793653
"12347",4.12549465082254
"12348",4.32905148310636
"12349",3.06633145902324
"12350",4.1324390607228
"12351",3.53225613294823
"12352",3.46368362184268
"12353",3.28826048660972
"12354",4.21609417552277
"12355",3.36296001412392
"12356",3.66119711230921
"12357",3.53282262717595
"12358",3.82224463696546
"12359",3.77315684169642
"12360",4.09831339762681
"12361",3.13125213652859
"12362",3.1708419366411
"12363",3.91993668586848
"12364",4.55289221830418
"12365",4.13015657615434
"12366",3.77210148829142
"12367",3.34169508398529
"12368",2.50877308075274
"12369",2.74808713993144
"12370",4.34492641365097
"12371",3.65331270141265
"12372",3.75167776798291
"12373",3.96147965616395
"12374",2.85224979676612
"12375",4.09753651236339
"12376",3.92822138015998
"12377",4.11521937504575
"12378",3.7708388254872
"12379",3.55950911676534
"12380",2.8694407180254
"12381",4.36192613068478
"12382",2.24070554413423
"12383",3.0373667890558
"12384",4.42096206028905
"12385",3.80844541654399
"12386",3.18690116860386
"12387",2.86885201581868
"12388",2.99370602466093
"12389",3.22035326208858
"12390",3.79717939035196
"12391",4.23115436398929
"12392",2.93642437547
"12393",3.19650700150204
"12394",3.85062810494807
"12395",2.44101131353268
"12396",3.95975963111023
"12397",3.15852829851861
"12398",3.33207937663644
"12399",4.28225913662048
"12400",3.89639513180253
"12401",2.97215698858634
"12402",2.43658891387639
"12403",3.8771505940963
"12404",3.62349513232512
"12405",2.34900060547332
"12406",3.92394748447239
"12407",3.24726385421094
"12408",3.51263349874969
"12409",3.2967862229156
"12410",3.09695697571245
"12411",3.6056390970392
"12412",3.98953540273928
"12413",2.65025219677937
"12414",4.05170969125037
"12415",4.48528311519155
"12416",2.94160687554106
"12417",4.22584423819627
"12418",2.72748444388769
"12419",4.03094268960023
"12420",3.68439402164732
"12421",3.02958846421923
"12422",3.67773113673273
"12423",3.09649816279729
"12424",3.97539405253276
"12425",3.76840571108944
"12426",2.96008846058077
"12427",2.02672844690488
"12428",3.8133325506493
"12429",2.84215169755018
"12430",3.3655151171273
"12431",4.95284794009586
"12432",4.40509169878139
"12433",4.22536744327338
"12434",4.89797717761526
"12435",4.31602171260804
"12436",3.85886138695603
"12437",2.89562708632925
"12438",3.94050391277243
"12439",4.30776893114569
"12440",3.31784256612434
"12441",3.79620899645785
"12442",3.1576462230622
"12443",5
"12444",2.98869046818276
"12445",2.50047330844662
"12446",4.69302750883177
"12447",2.10693097836604
"12448",3.51022773713272
"12449",3.78067685690995
"12450",3.11381771442076
"12451",3.23835961809039
"12452",4.17789283873799
"12453",3.81171187146455
"12454",2.61851240676115
"12455",4.40760034585807
"12456",3.65238568582042
"12457",3.04324326548502
"12458",3.27370844088912
"12459",2.99928784065513
"12460",3.65197722272355
"12461",3.81655167878174
"12462",4.23970791097589
"12463",3.85885994257527
"12464",4.63379950086852
"12465",4.28272543498974
"12466",3.73501805280748
"12467",3.71716014344335
"12468",4.06616461040581
"12469",3.00550736488542
"12470",3.99421789638659
"12471",3.17025041144511
"12472",3.0137386876419
"12473",3.72677894931893
"12474",3.12120715171452
"12475",3.11710556849531
"12476",3.87332127869619
"12477",3.51230390190792
"12478",3.54061988060409
"12479",3.20839673468991
"12480",3.15659212182952
"12481",3.27277953453901
"12482",2.89970800097648
"12483",3.81464062671635
"12484",2.65526238295588
"12485",3.42987990637532
"12486",3.57348994849773
"12487",3.44016870158055
"12488",3.25284968143172
"12489",3.39034581353882
"12490",3.46813010179512
"12491",3.37676821697217
"12492",3.62931918695407
"12493",4.13317919831153
"12494",3.68137346893713
"12495",3.55518616108049
"12496",3.42124518305796
"12497",4.0311889194304
"12498",3.22548100790274
"12499",3.58961588861104
"12500",4.28457073032221
"12501",2.44939184478766
"12502",2.69156984579611
"12503",4.00434977326083
"12504",4.01641852136586
"12505",3.03270880348432
"12506",4.24557319521566
"12507",3.19973068185013
"12508",4.27869878777274
"12509",3.61148167001879
"12510",4.05956161703285
"12511",3.57121475547647
"12512",4.36553214580262
"12513",3.17130709288939
"12514",3.56032964955439
"12515",3.086954236301
"12516",3.73394227973114
"12517",3.55761018138671
"12518",3.31261451349935
"12519",2.9922582995204
"12520",4.47398763509185
"12521",3.70402242621668
"12522",3.57143907206781
"12523",3.4987671300868
"12524",3.24863267022206
"12525",3.60970625093716
"12526",4.13455854133725
"12527",3.35134249420034
"12528",2.62019669776287
"12529",3.12568381500662
"12530",4.18174822704259
"12531",4.71510910902655
"12532",4.92582646983815
"12533",3.75425024441775
"12534",3.70471344434017
"12535",3.74417555786795
"12536",3.77172946632327
"12537",3.90186684472788
"12538",3.11706839821037
"12539",3.71645340810189
"12540",3.63274793541555
"12541",4.2979791828564
"12542",3.02385230381811
"12543",4.20937475019594
"12544",3.43044681487838
"12545",3.0832147495692
"12546",4.52536570146665
"12547",3.83900626114381
"12548",3.36672864081317
"12549",3.8490587782594
"12550",4.04771562226469
"12551",4.35932199388206
"12552",4.0449978622983
"12553",3.76152626893822
"12554",2.86605692548465
"12555",3.59309162899012
"12556",3.83314866977175
"12557",4.31659290395854
"12558",3.8841886514929
"12559",4.22951016115892
"12560",4.2110766006733
"12561",3.97274578156247
"12562",4.77505808500153
"12563",3.61277785765477
"12564",2.86750724969699
"12565",3.74236639256914
"12566",3.22948023992998
"12567",2.64620212146608
"12568",3.75605439183817
"12569",3.30782649175381
"12570",3.50082180530593
"12571",3.25925912299778
"12572",3.63602345414662
"12573",4.34008204236524
"12574",3.8216586188289
"12575",3.91929189996721
"12576",4.44687023601615
"12577",3.62703696506774
"12578",4.45740731487757
"12579",3.84935486712265
"12580",3.14379873758448
"12581",3.46506895850854
"12582",4.0034060058385
"12583",3.36532273928536
"12584",3.52903127154399
"12585",3.72897034341325
"12586",3.96235209942559
"12587",2.90740450825525
"12588",3.49878548852382
"12589",4.11111904634754
"12590",3.05685081035163
"12591",3.4577985571466
"12592",4.87373539847024
"12593",3.36271309265187
"12594",3.22140912173132
"12595",2.78700644331292
"12596",2.17108276940483
"12597",3.19914180275762
"12598",3.36885450525975
"12599",3.90310608321801
"12600",4.08027624605258
"12601",3.77638970848162
"12602",3.42327183361284
"12603",4.0431331724595
"12604",3.42558848230803
"12605",4.06352680591482
"12606",3.80100538400595
"12607",3.87225884015663
"12608",3.02542225959194
"12609",2.86586758189891
"12610",2.31120403302039
"12611",4.91556886659514
"12612",3.75457091068572
"12613",4.80733484633203
"12614",3.45199612939328
"12615",4.18919544965535
"12616",3.78701128922629
"12617",3.29978563608216
"12618",4.52310744749971
"12619",3.9542714410142
"12620",4.15723306722438
"12621",3.16487970128752
"12622",3.92975015618175
"12623",4.02776045197788
"12624",3.87920238212306
"12625",3.2605072340166
"12626",3.32909834491983
"12627",4.39388515404409
"12628",3.94884374872386
"12629",3.51065797812221
"12630",4.07724531573622
"12631",3.66802754268234
"12632",3.8347514115647
"12633",4.23002504523109
"12634",3.10574132346253
"12635",3.66292789793471
"12636",3.28048136264131
"12637",4.21782734117059
"12638",2.89640543451705
"12639",3.75148299472394
"12640",3.15116909243584
"12641",4.20411959452152
"12642",3.35570933751013
"12643",3.67708685564434
"12644",2.96159827771251
"12645",4.57750688285967
"12646",3.90911607034273
"12647",3.06543213599615
"12648",3.00900198471891
"12649",3.98415367596193
"12650",3.41510712945043
"12651",2.65042940674965
"12652",4.45802555023795
"12653",4.04720384283355
"12654",3.43207886516284
"12655",3.64280700522993
"12656",4.2566901967139
"12657",3.49587104041226
"12658",4.24914817259751
"12659",3.50754381721209
"12660",3.08705072037091
"12661",3.52511193676655
"12662",2.35908885361239
"12663",3.11000809852415
"12664",2.84689667733148
"12665",4.037740433393
"12666",3.61554276361557
"12667",3.88422969214897
"12668",3.21499370316496
"12669",3.57552273108652
"12670",4.02648259911694
"12671",2.98546261803072
"12672",3.81010411354696
"12673",3.78464723466694
"12674",3.82015164076505
"12675",3.73389935081903
"12676",3.03852814635809
"12677",2.49283742892246
"12678",3.37594004282979
"12679",3.76068870875024
"12680",2.87137649983595
"12681",3.45622033965172
"12682",3.03577624504616
"12683",4.21341412696562
"12684",3.53943700022701
"12685",3.50277360322808
"12686",4.6824688622166
"12687",3.85913402631791
"12688",2.34297238332474
"12689",4.23541125555674
"12690",3.04437849647413
"12691",3.22127359867624
"12692",4.12657118564995
"12693",4.59447843310273
"12694",3.38406766264836
"12695",4.52515925753801
"12696",4.07197849221067
"12697",4.64338724342308
"12698",4.23127948993103
"12699",3.66359837600113
"12700",3.20377263912842
"12701",4.17572022797372
"12702",2.61720700476783
"12703",3.10265576759991
"12704",2.84968381322973
"12705",4.09068145007606
"12706",4.70263176375374
"12707",4.137668803022
"12708",2.91251414892509
"12709",3.77425399630341
"12710",4.28090766759506
"12711",4.03905908667294
"12712",3.9290426328924
"12713",4.11191515757149
"12714",3.22951862186715
"12715",3.0373739581369
"12716",2.94790956772048
"12717",3.25291377108355
"12718",3.13775872366361
"12719",4.07369240111651
"12720",3.48785978277326
"12721",4.45750978161359
"12722",2.44999961196526
"12723",2.91139207069766
"12724",3.18331442413205
"12725",3.34798340349749
"12726",2.69335086839684
"12727",2.43653292874654
"12728",3.71074158739811
"12729",2.90420277578762
"12730",4.42317114750434
"12731",3.83326438350646
"12732",4.06202860431384
"12733",4.38281839008808
"12734",3.81112449222878
"12735",3.52618265852613
"12736",3.68454689491434
"12737",4.90603420784012
"12738",4.06774249887224
"12739",3.10374224731086
"12740",4.17640023443866
"12741",4.87365814360857
"12742",3.39315150389308
"12743",3.2920083518311
"12744",3.21527832639737
"12745",4.32739807205428
"12746",4.10321349486248
"12747",2.47041827134976
"12748",4.32530560716297
"12749",3.6739452332925
"12750",3.90184289039462
"12751",4.55159228497953
"12752",3.27763433168002
"12753",3.97630561691648
"12754",3.71712302218115
"12755",3.68128716466047
"12756",3.36581877094671
"12757",3.87809139118246
"12758",4.0362976052844
"12759",4.12354174494077
"12760",3.03336693511528
"12761",3.96467297901962
"12762",3.90281031552748
"12763",3.18294462516588
"12764",3.35871351310113
"12765",2.46822955453112
"12766",3.27661152924889
"12767",3.17917474325046
"12768",4.47281356512438
"12769",4.08463431353718
"12770",2.77173448379335
"12771",3.8722261679983
"12772",3.07034426753712
"12773",3.15245756379915
"12774",4.21265705852498
"12775",2.68351363375435
"12776",4.35148269463412
"12777",3.24041954744509
"12778",4.14614132936178
"12779",4.27926319038563
"12780",4.37045783435536
"12781",3.18488470835171
"12782",3.94454140586556
"12783",4.82411056723662
"12784",3.81627928995287
"12785",3.92197037670956
"12786",3.26810740239965
"12787",3.37873007264202
"12788",4.18844847687781
"12789",3.23731466828359
"12790",3.36951439351322
"12791",3.9625081437173
"12792",3.15374763210323
"12793",3.91823090399754
"12794",3.54135641977197
"12795",3.37170257104729
"12796",3.27882766683011
"12797",3.7348562013789
"12798",3.98035976471943
"12799",3.18561932228497
"12800",4.58911640697045
"12801",2.6674583488317
"12802",3.68728961662603
"12803",4.07273912973183
"12804",2.55309064097963
"12805",4.02064519232022
"12806",3.20501486583623
"12807",3.42610446139989
"12808",2.67837675902735
"12809",4.08337614298758
"12810",4.13421773820471
"12811",3.59839508147887
"12812",4.56058823164899
"12813",2.9100749022417
"12814",2.95402918243334
"12815",3.26580740507955
"12816",4.00908055757461
"12817",3.89094636320568
"12818",3.170898776891
"12819",4.49871285106062
"12820",4.6378803293623
"12821",3.687167302289
"12822",3.03016919729576
"12823",3.63154348757804
"12824",3.98333744704154
"12825",2.83700387901862
"12826",2.64819130403602
"12827",2.76174474600872
"12828",4.62035646409275
"12829",3.60852237486992
"12830",3.3513776127314
"12831",2.69155604871917
"12832",4.4455032596702
"12833",2.61702704583985
"12834",3.4476364638337
"12835",3.24230640315222
"12836",3.33075975758788
"12837",4.03037514476104
"12838",3.77345472842958
"12839",3.99715244793604
"12840",3.14341517368376
"12841",4.18385898838059
"12842",3.62582079207563
"12843",2.81413626707046
"12844",4.04690798660247
"12845",4.84689296369168
"12846",4.04175257477869
"12847",2.9114610150012
"12848",4.34351606317336
"12849",2.84446980389247
"12850",3.30506418589812
"12851",4.58672961709038
"12852",3.69420997148799
"12853",3.08354357814933
"12854",4.21210342497115
"12855",4.06859669230036
"12856",3.04390537826697
"12857",4.16345673199504
"12858",2.27877454458085
"12859",3.69217029600835
"12860",2.93130087614194
"12861",4.28268225241929
"12862",4.24833558228176
"12863",3.75712732459826
"12864",3.56560854455973
"12865",3.40967925292963
"12866",3.5252215282768
"12867",3.90686603054083
"12868",3.09468641506697
"12869",4.25072009707874
"12870",3.20179150555515
"12871",4.53068242151745
"12872",4.17175111999863
"12873",3.59439049108828
"12874",2.95739176203118
"12875",4.69125277186805
"12876",3.76285486289962
"12877",3.1394641655981
"12878",4.06160905845189
"12879",4.04270523020257
"12880",3.56165728666165
"12881",3.17069957046676
"12882",3.62167697329217
"12883",3.69010781192705
"12884",3.37449231345915
"12885",3.38964151331803
"12886",4.41326042626207
"12887",3.52455974574175
"12888",3.66789090815081
"12889",1.97330023899499
"12890",3.79156171070972
"12891",4.73109148528364
"12892",4.02027477342224
"12893",3.49202163141939
"12894",2.93885510538904
"12895",2.82314379126107
"12896",4.03469903080928
"12897",4.30372953098735
"12898",3.59359261826168
"12899",3.70687873690394
"12900",3.5745900535441
"12901",2.52326661607285
"12902",2.96407002445413
"12903",3.68872903407175
"12904",3.580362885805
"12905",3.09562270978667
"12906",4.12664414464536
"12907",3.7520656153275
"12908",2.51655309839987
"12909",3.19072843885757
"12910",2.80718476624267
"12911",3.73757243741196
"12912",3.32409461442271
"12913",4.11391279451426
"12914",3.27774750176141
"12915",3.71788656941954
"12916",3.08283526754007
"12917",3.68220674041531
"12918",3.47486879274377
"12919",3.43118827872849
"12920",3.24918459639806
"12921",3.70063647049294
"12922",4.69246595639238
"12923",4.0827295819726
"12924",3.10820939013178
"12925",3.39177843776458
"12926",3.06799875048894
"12927",4.20529610259
"12928",3.0297187515263
"12929",4.33422337234426
"12930",3.85249128693626
"12931",3.05050166877678
